Name,Date,Rating,Status
Gabriel,02-09-2022,5 out of 5,Verified Purchase
Olaoluwa,01-09-2022,5 out of 5,Verified Purchase
Alasa,01-09-2022,4 out of 5,Verified Purchase
EL,31-08-2022,5 out of 5,Verified Purchase
Michael,29-08-2022,4 out of 5,Verified Purchase
Utibe,29-08-2022,5 out of 5,Verified Purchase
Ajayi,29-08-2022,5 out of 5,Verified Purchase
Florence,29-08-2022,2 out of 5,Verified Purchase
Julius,26-08-2022,5 out of 5,Verified Purchase
Pascal,25-08-2022,5 out of 5,Verified Purchase
Samuel,25-08-2022,5 out of 5,Verified Purchase
Famzy,23-08-2022,4 out of 5,Verified Purchase
Yusuf,22-08-2022,5 out of 5,Verified Purchase
ajibola,22-08-2022,5 out of 5,Verified Purchase
AN,22-08-2022,3 out of 5,Verified Purchase
AB,19-08-2022,3 out of 5,Verified Purchase
Arukwe,18-08-2022,3 out of 5,Verified Purchase
Lateef,17-08-2022,5 out of 5,Verified Purchase
Felix,15-08-2022,5 out of 5,Verified Purchase
Femi,10-08-2022,5 out of 5,Verified Purchase
Kingsley,08-08-2022,5 out of 5,Verified Purchase
Adeniyi,08-08-2022,5 out of 5,Verified Purchase
Francis,08-08-2022,4 out of 5,Verified Purchase
Adebisi,08-08-2022,5 out of 5,Verified Purchase
Aliyu,02-08-2022,4 out of 5,Verified Purchase
Edirin,02-08-2022,5 out of 5,Verified Purchase
Dozlink,01-08-2022,5 out of 5,Verified Purchase
Ridwan,01-08-2022,5 out of 5,Verified Purchase
Kayode,30-07-2022,5 out of 5,Verified Purchase
Haruna,30-07-2022,4 out of 5,Verified Purchase
Oluwatosin,27-07-2022,5 out of 5,Verified Purchase
Ayomide,26-07-2022,5 out of 5,Verified Purchase
R,25-07-2022,5 out of 5,Verified Purchase
Emmykay,25-07-2022,5 out of 5,Verified Purchase
Morenike,25-07-2022,5 out of 5,Verified Purchase
Morenike,22-07-2022,5 out of 5,Verified Purchase
Patty,21-07-2022,5 out of 5,Verified Purchase
Minkababz,21-07-2022,4 out of 5,Verified Purchase
Prosper,21-07-2022,4 out of 5,Verified Purchase
Sheriff,21-07-2022,5 out of 5,Verified Purchase
azeez,20-07-2022,5 out of 5,Verified Purchase
ozioma,19-07-2022,4 out of 5,Verified Purchase
Gloria,19-07-2022,5 out of 5,Verified Purchase
Jeremiah,19-07-2022,4 out of 5,Verified Purchase
Jeremiah,19-07-2022,5 out of 5,Verified Purchase
Kelvin,19-07-2022,5 out of 5,Verified Purchase
Fkunmie,18-07-2022,5 out of 5,Verified Purchase
Benita,18-07-2022,5 out of 5,Verified Purchase
Ever,18-07-2022,5 out of 5,Verified Purchase
Paul,18-07-2022,4 out of 5,Verified Purchase
Austin,18-07-2022,5 out of 5,Verified Purchase
LA,18-07-2022,5 out of 5,Verified Purchase
yomi,15-07-2022,5 out of 5,Verified Purchase
Olufayo,14-07-2022,5 out of 5,Verified Purchase
David,14-07-2022,3 out of 5,Verified Purchase
tunde,14-07-2022,5 out of 5,Verified Purchase
Morezii,13-07-2022,2 out of 5,Verified Purchase
Louis,13-07-2022,4 out of 5,Verified Purchase
Prince,13-07-2022,5 out of 5,Verified Purchase
Paul,11-07-2022,5 out of 5,Verified Purchase
WU,11-07-2022,5 out of 5,Verified Purchase
Nathie,11-07-2022,5 out of 5,Verified Purchase
David,11-07-2022,5 out of 5,Verified Purchase
Jacob,11-07-2022,4 out of 5,Verified Purchase
Abdullahi,08-07-2022,5 out of 5,Verified Purchase
Anyile,08-07-2022,5 out of 5,Verified Purchase
Heyday,08-07-2022,5 out of 5,Verified Purchase
Olamiposi,07-07-2022,5 out of 5,Verified Purchase
Dare,06-07-2022,5 out of 5,Verified Purchase
Obidairo,05-07-2022,4 out of 5,Verified Purchase
Abdulkareeem,05-07-2022,5 out of 5,Verified Purchase
Julius,01-07-2022,4 out of 5,Verified Purchase
Martins,01-07-2022,5 out of 5,Verified Purchase
Ayomide,29-06-2022,5 out of 5,Verified Purchase
KE,29-06-2022,4 out of 5,Verified Purchase
God,28-06-2022,5 out of 5,Verified Purchase
Samford,28-06-2022,4 out of 5,Verified Purchase
Ifeoluwa,28-06-2022,5 out of 5,Verified Purchase
Francis,27-06-2022,5 out of 5,Verified Purchase
Midastouchbui,27-06-2022,5 out of 5,Verified Purchase
Sheriff,27-06-2022,5 out of 5,Verified Purchase
Riwdan,27-06-2022,5 out of 5,Verified Purchase
Igbekele,27-06-2022,5 out of 5,Verified Purchase
Jude,22-06-2022,4 out of 5,Verified Purchase
youtube,20-06-2022,5 out of 5,Verified Purchase
Anthony,20-06-2022,3 out of 5,Verified Purchase
Odion,20-06-2022,5 out of 5,Verified Purchase
Alex,20-06-2022,4 out of 5,Verified Purchase
Joshua,20-06-2022,5 out of 5,Verified Purchase
Global,20-06-2022,5 out of 5,Verified Purchase
Seh,16-06-2022,5 out of 5,Verified Purchase
YO,14-06-2022,5 out of 5,Verified Purchase
Roy,13-06-2022,5 out of 5,Verified Purchase
Gift,09-06-2022,3 out of 5,Verified Purchase
Ibuo,09-06-2022,3 out of 5,Verified Purchase
Andrew,06-06-2022,4 out of 5,Verified Purchase
DE,03-06-2022,5 out of 5,Verified Purchase
Shady,02-06-2022,5 out of 5,Verified Purchase
Aborisade,01-06-2022,5 out of 5,Verified Purchase
Odemakinde,30-05-2022,4 out of 5,Verified Purchase
uzuh,30-05-2022,5 out of 5,Verified Purchase
Toheeb,29-05-2022,5 out of 5,Verified Purchase
Sadiq,27-05-2022,5 out of 5,Verified Purchase
Sodimu,27-05-2022,4 out of 5,Verified Purchase
John,27-05-2022,4 out of 5,Verified Purchase
Samuel,26-05-2022,4 out of 5,Verified Purchase
Olamilekan,23-05-2022,5 out of 5,Verified Purchase
Anne,20-05-2022,3 out of 5,Verified Purchase
force,18-05-2022,5 out of 5,Verified Purchase
Oluwaseun,17-05-2022,5 out of 5,Verified Purchase
Olugbenga,16-05-2022,5 out of 5,Verified Purchase
David,16-05-2022,5 out of 5,Verified Purchase
Raji,13-05-2022,3 out of 5,Verified Purchase
EM,13-05-2022,5 out of 5,Verified Purchase
Abdulsalam,12-05-2022,4 out of 5,Verified Purchase
Amaka,09-05-2022,5 out of 5,Verified Purchase
LA,09-05-2022,5 out of 5,Verified Purchase
Ogundipe,09-05-2022,5 out of 5,Verified Purchase
wasiu,09-05-2022,5 out of 5,Verified Purchase
Emmanuel,09-05-2022,3 out of 5,Verified Purchase
Chukwudi,06-05-2022,4 out of 5,Verified Purchase
Wale,06-05-2022,5 out of 5,Verified Purchase
Uchechukwu,06-05-2022,4 out of 5,Verified Purchase
WO,05-05-2022,1 out of 5,Verified Purchase
Folorunsho,05-05-2022,5 out of 5,Verified Purchase
Rowland,03-05-2022,5 out of 5,Verified Purchase
Awolusi,03-05-2022,5 out of 5,Verified Purchase
Adeola,03-05-2022,5 out of 5,Verified Purchase
Smith,02-05-2022,5 out of 5,Verified Purchase
J,30-04-2022,3 out of 5,Verified Purchase
Oscar,29-04-2022,5 out of 5,Verified Purchase
adesunshine,29-04-2022,5 out of 5,Verified Purchase
Odeyinka,28-04-2022,5 out of 5,Verified Purchase
Hassan,28-04-2022,4 out of 5,Verified Purchase
Trump,27-04-2022,5 out of 5,Verified Purchase
Odesola,27-04-2022,5 out of 5,Verified Purchase
Michael,26-04-2022,3 out of 5,Verified Purchase
Jeremiah,26-04-2022,4 out of 5,Verified Purchase
Dominic,26-04-2022,5 out of 5,Verified Purchase
Damilola,26-04-2022,5 out of 5,Verified Purchase
UB,25-04-2022,5 out of 5,Verified Purchase
Ayobami,25-04-2022,5 out of 5,Verified Purchase
Temitope,25-04-2022,4 out of 5,Verified Purchase
tim,25-04-2022,5 out of 5,Verified Purchase
tim,22-04-2022,5 out of 5,Verified Purchase
Taiye,22-04-2022,4 out of 5,Verified Purchase
Ogungbemi,22-04-2022,5 out of 5,Verified Purchase
Ste,21-04-2022,4 out of 5,Verified Purchase
Tony,21-04-2022,5 out of 5,Verified Purchase
Dempsey,21-04-2022,5 out of 5,Verified Purchase
Oyebanji,21-04-2022,3 out of 5,Verified Purchase
Abdul,21-04-2022,5 out of 5,Verified Purchase
chibueze,21-04-2022,5 out of 5,Verified Purchase
Gwar,19-04-2022,4 out of 5,Verified Purchase
Greatness,19-04-2022,4 out of 5,Verified Purchase
Ismail,18-04-2022,5 out of 5,Verified Purchase
Abimbola,18-04-2022,5 out of 5,Verified Purchase
Eko,18-04-2022,5 out of 5,Verified Purchase
DI,18-04-2022,5 out of 5,Verified Purchase
Ameh,18-04-2022,5 out of 5,Verified Purchase
Silver,18-04-2022,5 out of 5,Verified Purchase
Olusola,15-04-2022,2 out of 5,Verified Purchase
Paul,15-04-2022,5 out of 5,Verified Purchase
Michael,15-04-2022,4 out of 5,Verified Purchase
blessed,15-04-2022,5 out of 5,Verified Purchase
Kolawole,15-04-2022,4 out of 5,Verified Purchase
Chinweuba,15-04-2022,3 out of 5,Verified Purchase
Ehiosun,13-04-2022,5 out of 5,Verified Purchase
Udobassey,13-04-2022,2 out of 5,Verified Purchase
John,12-04-2022,5 out of 5,Verified Purchase
chidi,12-04-2022,4 out of 5,Verified Purchase
Wasiu,12-04-2022,5 out of 5,Verified Purchase
Jesse,12-04-2022,5 out of 5,Verified Purchase
NS,12-04-2022,5 out of 5,Verified Purchase
Dumebi,11-04-2022,3 out of 5,Verified Purchase
Esene,11-04-2022,5 out of 5,Verified Purchase
chibuisi,11-04-2022,4 out of 5,Verified Purchase
Ibrahim,11-04-2022,5 out of 5,Verified Purchase
Eni,11-04-2022,5 out of 5,Verified Purchase
Oghenemaro,11-04-2022,5 out of 5,Verified Purchase
OR,08-04-2022,5 out of 5,Verified Purchase
AL,08-04-2022,3 out of 5,Verified Purchase
Medinat,08-04-2022,4 out of 5,Verified Purchase
Tian,08-04-2022,5 star review 0,Verified Purchase
Akinnuwesi,07-04-2022,5 out of 5,Verified Purchase
Oluwaseun,07-04-2022,5 out of 5,Verified Purchase
AB,07-04-2022,5 out of 5,Verified Purchase
Uno,06-04-2022,5 out of 5,Verified Purchase
Sunday,06-04-2022,5 out of 5,Verified Purchase
Benjamin,05-04-2022,5 out of 5,Verified Purchase
Believe,05-04-2022,5 out of 5,Verified Purchase
Shakur,05-04-2022,5 out of 5,Verified Purchase
Ajayi,04-04-2022,4 out of 5,Verified Purchase
cut,04-04-2022,4 out of 5,Verified Purchase
Rasaq,01-04-2022,5 out of 5,Verified Purchase
Frank,01-04-2022,4 out of 5,Verified Purchase
Adewole,31-03-2022,5 out of 5,Verified Purchase
Hoomlong,30-03-2022,5 out of 5,Verified Purchase
Chinyere,29-03-2022,5 out of 5,Verified Purchase
Abdulrasaq,29-03-2022,3 out of 5,Verified Purchase
Alexa,29-03-2022,4 out of 5,Verified Purchase
Victor,28-03-2022,5 out of 5,Verified Purchase
Joseph,28-03-2022,5 out of 5,Verified Purchase
Seun,28-03-2022,5 out of 5,Verified Purchase
rukevwe,28-03-2022,5 out of 5,Verified Purchase
Vivian,28-03-2022,5 out of 5,Verified Purchase
Evans,28-03-2022,5 out of 5,Verified Purchase
Akinnaso,25-03-2022,4 out of 5,Verified Purchase
Ovat,25-03-2022,3 out of 5,Verified Purchase
Bolu,25-03-2022,5 out of 5,Verified Purchase
Oluwafemi,25-03-2022,5 out of 5,Verified Purchase
EE,24-03-2022,4 out of 5,Verified Purchase
Neo,24-03-2022,4 out of 5,Verified Purchase
Bode,22-03-2022,5 out of 5,Verified Purchase
Adedeji,22-03-2022,5 out of 5,Verified Purchase
Afeez,21-03-2022,5 out of 5,Verified Purchase
adekunle,18-03-2022,4 out of 5,Verified Purchase
christian,17-03-2022,5 out of 5,Verified Purchase
oscar,17-03-2022,3 out of 5,Verified Purchase
Bade,17-03-2022,4 out of 5,Verified Purchase
Ale,16-03-2022,4 out of 5,Verified Purchase
Olufeyimi,15-03-2022,5 out of 5,Verified Purchase
Mustapha,15-03-2022,5 out of 5,Verified Purchase
Akintunde,14-03-2022,5 out of 5,Verified Purchase
NA,14-03-2022,5 out of 5,Verified Purchase
Zehgi,12-03-2022,5 out of 5,Verified Purchase
Hassan,11-03-2022,5 out of 5,Verified Purchase
Oladipo,09-03-2022,2 out of 5,Verified Purchase
Oni,07-03-2022,5 out of 5,Verified Purchase
Obatoyinbo,07-03-2022,5 out of 5,Verified Purchase
gideon,07-03-2022,5 out of 5,Verified Purchase
Esther,03-03-2022,5 out of 5,Verified Purchase
Asodun,03-03-2022,5 out of 5,Verified Purchase
ogaranya,02-03-2022,3 out of 5,Verified Purchase
Adedeji,01-03-2022,4 out of 5,Verified Purchase
Mariam,28-02-2022,5 out of 5,Verified Purchase
Oladele,28-02-2022,4 out of 5,Verified Purchase
Ini,28-02-2022,5 out of 5,Verified Purchase
Emeka,28-02-2022,5 out of 5,Verified Purchase
ajbat,28-02-2022,5 out of 5,Verified Purchase
ola,25-02-2022,5 out of 5,Verified Purchase
Joshua,22-02-2022,2 out of 5,Verified Purchase
Olu,22-02-2022,4 out of 5,Verified Purchase
George,22-02-2022,5 out of 5,Verified Purchase
Theenlightened,21-02-2022,4 out of 5,Verified Purchase
Shehu,18-02-2022,4 out of 5,Verified Purchase
Mutiu,17-02-2022,3 out of 5,Verified Purchase
Bukola,15-02-2022,5 out of 5,Verified Purchase
Inah,14-02-2022,4 out of 5,Verified Purchase
Stephen,14-02-2022,4 out of 5,Verified Purchase
Emmanuel,14-02-2022,4 out of 5,Verified Purchase
Zobby,14-02-2022,5 out of 5,Verified Purchase
Goodness,12-02-2022,5 out of 5,Verified Purchase
BI,09-02-2022,5 out of 5,Verified Purchase
Williams,09-02-2022,4 out of 5,Verified Purchase
RY,09-02-2022,4 out of 5,Verified Purchase
Eugene,08-02-2022,5 out of 5,Verified Purchase
Li,08-02-2022,5 out of 5,Verified Purchase
Ayodele,07-02-2022,4 out of 5,Verified Purchase
Temi,07-02-2022,5 out of 5,Verified Purchase
Dimka,02-02-2022,4 out of 5,Verified Purchase
Queenzly,01-02-2022,3 out of 5,Verified Purchase
Daniel,01-02-2022,5 out of 5,Verified Purchase
Danmusa,31-01-2022,5 out of 5,Verified Purchase
Jude,31-01-2022,5 out of 5,Verified Purchase
Olamide,31-01-2022,5 out of 5,Verified Purchase
Olubode,31-01-2022,5 out of 5,Verified Purchase
austin,28-01-2022,3 out of 5,Verified Purchase
Cyrus,25-01-2022,5 out of 5,Verified Purchase
Cj,24-01-2022,4 out of 5,Verified Purchase
A,24-01-2022,4 out of 5,Verified Purchase
Praise,23-01-2022,5 out of 5,Verified Purchase
Shobur,21-01-2022,4 out of 5,Verified Purchase
Bobby,21-01-2022,5 out of 5,Verified Purchase
Olapagbo,19-01-2022,4 out of 5,Verified Purchase
Olapagbo,18-01-2022,5 out of 5,Verified Purchase
Okafor,17-01-2022,5 out of 5,Verified Purchase
Anthony,17-01-2022,5 out of 5,Verified Purchase
Alemiya,17-01-2022,5 out of 5,Verified Purchase
Itzebuka,17-01-2022,5 out of 5,Verified Purchase
B,17-01-2022,5 out of 5,Verified Purchase
Adekunle,17-01-2022,5 out of 5,Verified Purchase
Adams,17-01-2022,5 out of 5,Verified Purchase
Oluwatosin,17-01-2022,4 out of 5,Verified Purchase
onyeka,14-01-2022,4 out of 5,Verified Purchase
Isah,13-01-2022,4 out of 5,Verified Purchase
KD,12-01-2022,5 out of 5,Verified Purchase
olamide,11-01-2022,5 out of 5,Verified Purchase
nnamdi,10-01-2022,4 out of 5,Verified Purchase
Prospero,10-01-2022,5 out of 5,Verified Purchase
Abiodun,05-01-2022,5 out of 5,Verified Purchase
Adebayo,04-01-2022,5 out of 5,Verified Purchase
oluwafemi,04-01-2022,4 out of 5,Verified Purchase
EL,31-12-2021,5 out of 5,Verified Purchase
Utsuekie,31-12-2021,5 out of 5,Verified Purchase
GA,31-12-2021,5 out of 5,Verified Purchase
Oluwafemi,30-12-2021,5 out of 5,Verified Purchase
Jacob,30-12-2021,3 out of 5,Verified Purchase
Dubem,30-12-2021,4 out of 5,Verified Purchase
Egbekunle,30-12-2021,5 out of 5,Verified Purchase
BI,30-12-2021,5 out of 5,Verified Purchase
Awolola,30-12-2021,5 out of 5,Verified Purchase
Milala35,29-12-2021,5 out of 5,Verified Purchase
Akaehielam,29-12-2021,3 out of 5,Verified Purchase
Joseph,29-12-2021,4 out of 5,Verified Purchase
Uzo,29-12-2021,4 out of 5,Verified Purchase
somadina,29-12-2021,4 out of 5,Verified Purchase
Chisom,29-12-2021,4 out of 5,Verified Purchase
ID,29-12-2021,4 out of 5,Verified Purchase
ola,29-12-2021,4 out of 5,Verified Purchase
Savio,29-12-2021,5 out of 5,Verified Purchase
Richard,29-12-2021,5 out of 5,Verified Purchase
patrick,29-12-2021,5 out of 5,Verified Purchase
Henry,29-12-2021,5 out of 5,Verified Purchase
WA,29-12-2021,5 out of 5,Verified Purchase
Princewill,29-12-2021,5 out of 5,Verified Purchase
DO,29-12-2021,5 out of 5,Verified Purchase
Evidence,28-12-2021,5 star plus 5,Verified Purchase
Slim,24-12-2021,5 out of 5,Verified Purchase
Chinemerem,24-12-2021,5 out of 5,Verified Purchase
joseph,24-12-2021,5 out of 5,Verified Purchase
Ebenezer,23-12-2021,4 out of 5,Verified Purchase
Adams,23-12-2021,5 out of 5,Verified Purchase
AH,23-12-2021,5 out of 5,Verified Purchase
Oluwaseun,23-12-2021,4 out of 5,Verified Purchase
Bankole,22-12-2021,5 out of 5,Verified Purchase
Ufuoma,21-12-2021,5 out of 5,Verified Purchase
Ufuoma,21-12-2021,5 out of 5,Verified Purchase
Daniel,21-12-2021,5 out of 5,Verified Purchase
Ishaku,20-12-2021,4 out of 5,Verified Purchase
ID,20-12-2021,4 out of 5,Verified Purchase
Damilola,17-12-2021,5 out of 5,Verified Purchase
Jostifyd,17-12-2021,5 out of 5,Verified Purchase
Judith,17-12-2021,5 out of 5,Verified Purchase
NE,17-12-2021,2 out of 5,Verified Purchase
Anazor,17-12-2021,5 Verified Purchase 4,Verified Purchase
Ismail,16-12-2021,5 out of 5,Verified Purchase
Osayamwen,16-12-2021,5 out of 5,Verified Purchase
Akamo,16-12-2021,5 out of 5,Verified Purchase
Chukwunonso,15-12-2021,5 out of 5,Verified Purchase
James,15-12-2021,5 out of 5,Verified Purchase
Stephen,15-12-2021,5 out of 5,Verified Purchase
Abolarinwa,15-12-2021,5 out of 5,Verified Purchase
Adawuofor,15-12-2021,5 out of 5,Verified Purchase
Precious,14-12-2021,5 out of 5,Verified Purchase
Abbas,14-12-2021,5 out of 5,Verified Purchase
LE,14-12-2021,5 out of 5,Verified Purchase
Obinna,14-12-2021,4 out of 5,Verified Purchase
Nkemakolam,14-12-2021,5 out of 5,Verified Purchase
Ehis,14-12-2021,5 out of 5,Verified Purchase
Dennyd,14-12-2021,5 out of 5,Verified Purchase
Mayowa,14-12-2021,5 out of 5,Verified Purchase
AH,13-12-2021,5 out of 5,Verified Purchase
Blessing,13-12-2021,5 out of 5,Verified Purchase
Blessing,13-12-2021,5 out of 5,Verified Purchase
Muebari,13-12-2021,4 out of 5,Verified Purchase
Raheem,13-12-2021,4 out of 5,Verified Purchase
Akinwumi,13-12-2021,5 out of 5,Verified Purchase
Eric,13-12-2021,5 out of 5,Verified Purchase
Ajanihu,10-12-2021,5 out of 5,Verified Purchase
Oluwabukola,10-12-2021,4 out of 5,Verified Purchase
Kazeem,10-12-2021,5 out of 5,Verified Purchase
Saheed,10-12-2021,4 out of 5,Verified Purchase
Jegede,10-12-2021,4 out of 5,Verified Purchase
Augustine,10-12-2021,4 out of 5,Verified Purchase
Onakoya,10-12-2021,4 out of 5,Verified Purchase
Michael,10-12-2021,4 out of 5,Verified Purchase
Babatunde,10-12-2021,5 out of 5,Verified Purchase
Patrick,10-12-2021,5 out of 5,Verified Purchase
Richmond,09-12-2021,5 out of 5,Verified Purchase
thompson,08-12-2021,5 out of 5,Verified Purchase
Chibuzo,08-12-2021,5 out of 5,Verified Purchase
Lovelyn,08-12-2021,5 out of 5,Verified Purchase
Moses,08-12-2021,5 out of 5,Verified Purchase
Azeez,08-12-2021,5 out of 5,Verified Purchase
Jidonu,08-12-2021,5 out of 5,Verified Purchase
Precious,08-12-2021,5 out of 5,Verified Purchase
Godwin,07-12-2021,5 out of 5,Verified Purchase
Oyebulejo,07-12-2021,5 out of 5,Verified Purchase
Marvellous,07-12-2021,5 out of 5,Verified Purchase
Samuel,07-12-2021,4 out of 5,Verified Purchase
Samuel,07-12-2021,4 out of 5,Verified Purchase
Tom,07-12-2021,5 out of 5,Verified Purchase
Johnpaul,07-12-2021,5 out of 5,Verified Purchase
Joshua,07-12-2021,5 out of 5,Verified Purchase
Clems,07-12-2021,5 out of 5,Verified Purchase
Lanre,07-12-2021,5 out of 5,Verified Purchase
Saidu,07-12-2021,3 out of 5,Verified Purchase
Durden,07-12-2021,4 out of 5,Verified Purchase
Raymond,07-12-2021,4 out of 5,Verified Purchase
KE,07-12-2021,5 out of 5,Verified Purchase
Adeyinka,07-12-2021,5 out of 5,Verified Purchase
Anthony,07-12-2021,5 out of 5,Verified Purchase
Gabriel,07-12-2021,5 out of 5,Verified Purchase
Simon,06-12-2021,5 out of 5,Verified Purchase
moses,06-12-2021,5 out of 5,Verified Purchase
Obeya,06-12-2021,5 out of 5,Verified Purchase
Biose,06-12-2021,5 out of 5,Verified Purchase
Tennyson,06-12-2021,5 out of 5,Verified Purchase
Basit,06-12-2021,5 out of 5,Verified Purchase
Patrick,06-12-2021,5 out of 5,Verified Purchase
Shola,06-12-2021,5 out of 5,Verified Purchase
Fakorede,06-12-2021,4 out of 5,Verified Purchase
Chukwuemeka,06-12-2021,4 out of 5,Verified Purchase
Chukwubunna,06-12-2021,5 out of 5,Verified Purchase
olamilekan,06-12-2021,5 out of 5,Verified Purchase
odunaike,06-12-2021,5 out of 5,Verified Purchase
Azeez,06-12-2021,5 out of 5,Verified Purchase
Samuel,03-12-2021,3 The sound 0,Verified Purchase
Olawale,03-12-2021,5 out of 5,Verified Purchase
Jane,03-12-2021,5 out of 5,Verified Purchase
Peter,03-12-2021,5 out of 5,Verified Purchase
Joyce,03-12-2021,5 out of 5,Verified Purchase
YO,03-12-2021,5 out of 5,Verified Purchase
Olowolafe,03-12-2021,5 out of 5,Verified Purchase
Ayomide,03-12-2021,5 out of 5,Verified Purchase
Ibe,03-12-2021,5 out of 5,Verified Purchase
Adepride,03-12-2021,3 out of 5,Verified Purchase
Solomon,03-12-2021,4 out of 5,Verified Purchase
Taiwo,03-12-2021,4 out of 5,Verified Purchase
Taiwo,03-12-2021,5 out of 5,Verified Purchase
Kola,03-12-2021,5 out of 5,Verified Purchase
Amobi,03-12-2021,5 out of 5,Verified Purchase
Jeffrey,03-12-2021,5 out of 5,Verified Purchase
IS,03-12-2021,5 out of 5,Verified Purchase
Nwakamma,03-12-2021,5 out of 5,Verified Purchase
Adam,03-12-2021,2 out of 5,Verified Purchase
David,03-12-2021,4 out of 5,Verified Purchase
ER,03-12-2021,4 out of 5,Verified Purchase
Sanni,03-12-2021,4 out of 5,Verified Purchase
Onyikemeka,03-12-2021,4 out of 5,Verified Purchase
Hassan,03-12-2021,5 out of 5,Verified Purchase
Eni,01-12-2021,5 out of 5,Verified Purchase
Joel,01-12-2021,5 out of 5,Verified Purchase
Sani,01-12-2021,5 out of 5,Verified Purchase
Awoleye,01-12-2021,5 out of 5,Verified Purchase
nwankwo,01-12-2021,5 out of 5,Verified Purchase
Kelvin,01-12-2021,5 out of 5,Verified Purchase
Isaac,01-12-2021,5 out of 5,Verified Purchase
Aigbokhaevho,01-12-2021,5 out of 5,Verified Purchase
Joseph,01-12-2021,5 out of 5,Verified Purchase
Emmanuel,01-12-2021,5 out of 5,Verified Purchase
DE,01-12-2021,5 out of 5,Verified Purchase
Innocent,01-12-2021,5 out of 5,Verified Purchase
Vincent,01-12-2021,5 out of 5,Verified Purchase
ON,01-12-2021,4 out of 5,Verified Purchase
Chimezie,30-11-2021,5 out of 5,Verified Purchase
ON,30-11-2021,5 out of 5,Verified Purchase
Joseph,30-11-2021,5 out of 5,Verified Purchase
Alfred,30-11-2021,5 out of 5,Verified Purchase
Nero,30-11-2021,5 out of 5,Verified Purchase
Nancy,30-11-2021,5 out of 5,Verified Purchase
Lawrence,30-11-2021,4 out of 5,Verified Purchase
UN,30-11-2021,5 out of 5,Verified Purchase
Azeez,30-11-2021,5 out of 5,Verified Purchase
Aanuoluwapo,30-11-2021,5 out of 5,Verified Purchase
olajide,30-11-2021,5 out of 5,Verified Purchase
Uchechukwu,30-11-2021,4 out of 5,Verified Purchase
olabisi,30-11-2021,4 out of 5,Verified Purchase
Oswin,26-11-2021,5 out of 5,Verified Purchase
Peter,26-11-2021,4 out of 5,Verified Purchase
Sonowo,26-11-2021,4 out of 5,Verified Purchase
Newton,26-11-2021,5 out of 5,Verified Purchase
EZ,26-11-2021,5 out of 5,Verified Purchase
Chinedu,26-11-2021,5 out of 5,Verified Purchase
Oluwatuyi,26-11-2021,5 out of 5,Verified Purchase
Kayode,26-11-2021,4 out of 5,Verified Purchase
Agbeja,26-11-2021,4 out of 5,Verified Purchase
Gabriel,26-11-2021,5 out of 5,Verified Purchase
Michael,25-11-2021,5 out of 5,Verified Purchase
Emmanuel,25-11-2021,5 out of 5,Verified Purchase
gimba,25-11-2021,5 out of 5,Verified Purchase
Omoniyi,25-11-2021,5 out of 5,Verified Purchase
Moses,25-11-2021,5 out of 5,Verified Purchase
Abdulganiu,25-11-2021,5 out of 5,Verified Purchase
Raymond,25-11-2021,5 out of 5,Verified Purchase
Enoch,25-11-2021,5 out of 5,Verified Purchase
Okafor,25-11-2021,5 out of 5,Verified Purchase
Taiwo,23-11-2021,5 out of 5,Verified Purchase
YO,23-11-2021,5 out of 5,Verified Purchase
Gideon,23-11-2021,5 out of 5,Verified Purchase
Haney,23-11-2021,5 out of 5,Verified Purchase
Bankole,23-11-2021,5 out of 5,Verified Purchase
Egbadon,23-11-2021,4 out of 5,Verified Purchase
Onyinye,23-11-2021,5 out of 5,Verified Purchase
dayo,23-11-2021,5 out of 5,Verified Purchase
Afeez,23-11-2021,4 out of 5,Verified Purchase
EL,23-11-2021,5 out of 5,Verified Purchase
paul,23-11-2021,5 out of 5,Verified Purchase
Onyinye,23-11-2021,5 out of 5,Verified Purchase
LE,23-11-2021,5 out of 5,Verified Purchase
Blessing,22-11-2021,5 out of 5,Verified Purchase
EZ,22-11-2021,5 out of 5,Verified Purchase
Seun,22-11-2021,5 out of 5,Verified Purchase
taiwo,22-11-2021,5 out of 5,Verified Purchase
Emmanuel,22-11-2021,5 out of 5,Verified Purchase
Victor,22-11-2021,5 out of 5,Verified Purchase
Akporede,22-11-2021,4 out of 5,Verified Purchase
Olatunde,22-11-2021,5 out of 5,Verified Purchase
Umukoyibo,22-11-2021,5 out of 5,Verified Purchase
Adesola,22-11-2021,5 out of 5,Verified Purchase
Oluwasegun,19-11-2021,5 out of 5,Verified Purchase
Peredi,19-11-2021,5 out of 5,Verified Purchase
EL,19-11-2021,5 out of 5,Verified Purchase
Walther,19-11-2021,5 out of 5,Verified Purchase
Adegun,18-11-2021,5 out of 5,Verified Purchase
Eduviere,18-11-2021,5 out of 5,Verified Purchase
Olatunbosun,18-11-2021,5 out of 5,Verified Purchase
Raphael,18-11-2021,5 out of 5,Verified Purchase
2,18-11-2021,5 out of 5,Verified Purchase
Joshua,18-11-2021,4 out of 5,Verified Purchase
Ayo,18-11-2021,4 out of 5,Verified Purchase
King,18-11-2021,4 out of 5,Verified Purchase
GA,18-11-2021,4 out of 5,Verified Purchase
Michael,18-11-2021,4 out of 5,Verified Purchase
imoh,18-11-2021,4 out of 5,Verified Purchase
Joshua,18-11-2021,4 out of 5,Verified Purchase
Samuel,18-11-2021,5 out of 5,Verified Purchase
O,18-11-2021,5 out of 5,Verified Purchase
Nonye,17-11-2021,5 out of 5,Verified Purchase
Sunday,17-11-2021,5 out of 5,Verified Purchase
Ibezim,17-11-2021,5 out of 5,Verified Purchase
Donatus,17-11-2021,5 out of 5,Verified Purchase
Chinedu,17-11-2021,1 out of 5,Verified Purchase
Melvin,17-11-2021,4 out of 5,Verified Purchase
Nwachukwu,17-11-2021,4 out of 5,Verified Purchase
Ebenezer,17-11-2021,5 out of 5,Verified Purchase
GA,17-11-2021,5 out of 5,Verified Purchase
Ebenezer,17-11-2021,5 out of 5,Verified Purchase
Vitalis,17-11-2021,5 out of 5,Verified Purchase
Adeoye,16-11-2021,5 out of 5,Verified Purchase
john,16-11-2021,5 out of 5,Verified Purchase
Abyhonour,16-11-2021,5 out of 5,Verified Purchase
Murph,16-11-2021,5 out of 5,Verified Purchase
RT,16-11-2021,5 out of 5,Verified Purchase
Okereke,16-11-2021,4 out of 5,Verified Purchase
Matilda,16-11-2021,4 out of 5,Verified Purchase
Oluwasegun,16-11-2021,4 out of 5,Verified Purchase
Oluwaseyi,16-11-2021,4 out of 5,Verified Purchase
Udeme,16-11-2021,4 out of 5,Verified Purchase
Onos,16-11-2021,4 out of 5,Verified Purchase
Samuel,16-11-2021,4 out of 5,Verified Purchase
EL,16-11-2021,5 out of 5,Verified Purchase
solomon,16-11-2021,5 out of 5,Verified Purchase
Udofia,16-11-2021,5 out of 5,Verified Purchase
Emmanuel,16-11-2021,5 out of 5,Verified Purchase
SS,16-11-2021,5 out of 5,Verified Purchase
Adetayo,16-11-2021,5 out of 5,Verified Purchase
kehinde,15-11-2021,5 out of 5,Verified Purchase
ZU,15-11-2021,5 out of 5,Verified Purchase
Temitayo,15-11-2021,5 out of 5,Verified Purchase
King,15-11-2021,5 out of 5,Verified Purchase
David,15-11-2021,5 out of 5,Verified Purchase
Naga,15-11-2021,4 out of 5,Verified Purchase
Foye,15-11-2021,4 out of 5,Verified Purchase
RO,15-11-2021,4 out of 5,Verified Purchase
samuel,15-11-2021,4 out of 5,Verified Purchase
Ayobami,13-11-2021,4 out of 5,Verified Purchase
Felix,12-11-2021,5 out of 5,Verified Purchase
Olumide,11-11-2021,5 out of 5,Verified Purchase
Yemi,11-11-2021,5 out of 5,Verified Purchase
Pegasus,11-11-2021,5 out of 5,Verified Purchase
Chukudi,08-11-2021,3 out of 5,Verified Purchase
Anthony,08-11-2021,5 out of 5,Verified Purchase
greatness,08-11-2021,4 out of 5,Verified Purchase
Thomas,08-11-2021,5 out of 5,Verified Purchase
Olasumbo,08-11-2021,5 out of 5,Verified Purchase
Olamide,08-11-2021,5 out of 5,Verified Purchase
Ogunberu,08-11-2021,1 by Olatunji 7,Verified Purchase
yinka,08-11-2021,2 Verified Purchase 3,Verified Purchase
Forrest,06-11-2021,4 out of 5,Verified Purchase
Inioluwa,05-11-2021,5 out of 5,Verified Purchase
Bonnie,04-11-2021,5 out of 5,Verified Purchase
Tosin,04-11-2021,5 out of 5,Verified Purchase
Reeeyamah,03-11-2021,5 out of 5,Verified Purchase
Nwachukwu,03-11-2021,5 out of 5,Verified Purchase
Iwuchukwu,03-11-2021,5 out of 5,Verified Purchase
Taiwo,03-11-2021,5 out of 5,Verified Purchase
Okorie,03-11-2021,5 out of 5,Verified Purchase
LA,03-11-2021,5 out of 5,Verified Purchase
Adelakun,03-11-2021,5 out of 5,Verified Purchase
Precious,21-10-2021,1 out of 5,Verified Purchase
Akeem,21-10-2021,3 out of 5,Verified Purchase
okumakuma,18-10-2021,4 out of 5,Verified Purchase
UN,15-10-2021,4 out of 5,Verified Purchase
Idorenyin,15-10-2021,5 out of 5,Verified Purchase
Mukthar,14-10-2021,5 out of 5,Verified Purchase
Betsuaye,13-10-2021,5 out of 5,Verified Purchase
Barnabas,12-10-2021,4 out of 5,Verified Purchase
Olasunkanmi,11-10-2021,1 out of 5,Verified Purchase
Emmanuel,11-10-2021,4 out of 5,Verified Purchase
samuel,11-10-2021,5 out of 5,Verified Purchase
Abiola,10-10-2021,5 out of 5,Verified Purchase
Paul,07-10-2021,3 out of 5,Verified Purchase
Adebayo,07-10-2021,4 out of 5,Verified Purchase
DE,07-10-2021,5 out of 5,Verified Purchase
LE,07-10-2021,5 out of 5,Verified Purchase
DE,07-10-2021,5 out of 5,Verified Purchase
Akinee,06-10-2021,5 out of 5,Verified Purchase
Ikechukwu,06-10-2021,5 out of 5,Verified Purchase
Iroghama,05-10-2021,5 out of 5,Verified Purchase
A,04-10-2021,5 out of 5,Verified Purchase
bunmi,04-10-2021,5 out of 5,Verified Purchase
Olawale,04-10-2021,5 out of 5,Verified Purchase
Mfeseer,03-10-2021,5 out of 5,Verified Purchase
Ali,02-10-2021,5 out of 5,Verified Purchase
agbaje,02-10-2021,5 out of 5,Verified Purchase
Charles,01-10-2021,5 out of 5,Verified Purchase
Adeyemi,30-09-2021,3 out of 5,Verified Purchase
Poko,30-09-2021,4 out of 5,Verified Purchase
Oyeleye,28-09-2021,5 out of 5,Verified Purchase
Pelumi,26-09-2021,5 out of 5,Verified Purchase
AN,26-09-2021,5 out of 5,Verified Purchase
Olatoyese,24-09-2021,4 out of 5,Verified Purchase
Sunday,23-09-2021,4 out of 5,Verified Purchase
Oladayo,23-09-2021,5 out of 5,Verified Purchase
oluwaferanmi,23-09-2021,5 out of 5,Verified Purchase
Paul,21-09-2021,5 out of 5,Verified Purchase
AN,21-09-2021,5 out of 5,Verified Purchase
Harrison,21-09-2021,5 out of 5,Verified Purchase
Joshua,20-09-2021,5 out of 5,Verified Purchase
Mahmud,19-09-2021,5 out of 5,Verified Purchase
Jonas,18-09-2021,3 out of 5,Verified Purchase
Ikofiz,18-09-2021,5 out of 5,Verified Purchase
Christian,16-09-2021,5 out of 5,Verified Purchase
victor,16-09-2021,5 out of 5,Verified Purchase
Alfred,16-09-2021,5 out of 5,Verified Purchase
Jay,15-09-2021,5 out of 5,Verified Purchase
Ijeoma,14-09-2021,5 out of 5,Verified Purchase
Edet,14-09-2021,4 out of 5,Verified Purchase
David,13-09-2021,3 out of 5,Verified Purchase
Odunayo,13-09-2021,3 out of 5,Verified Purchase
Ayomide,12-09-2021,4 out of 5,Verified Purchase
Hammed,12-09-2021,4 out of 5,Verified Purchase
EL,11-09-2021,4 out of 5,Verified Purchase
Olawumi,11-09-2021,5 out of 5,Verified Purchase
